{"trial_data": [["{\n  \"stub\": false,\n  \"trainable_name\": \"train_raytune\",\n  \"trial_id\": \"b80b3_00000\",\n  \"storage\": {\n    \"_type\": \"CLOUDPICKLE_FALLBACK\",\n    \"value\": \"80059531030000000000008c1b7261792e747261696e2e5f696e7465726e616c2e73746f72616765948c0e53746f72616765436f6e746578749493942981947d94288c12637573746f6d5f66735f70726f766964656494898c136578706572696d656e745f6469725f6e616d65948c21747261696e5f72617974756e655f323032342d30392d31385f32332d34372d3430948c0e747269616c5f6469725f6e616d65948c19747261696e5f72617974756e655f62383062335f3030303030948c1863757272656e745f636865636b706f696e745f696e646578944affffffff8c0b73796e635f636f6e666967948c097261792e747261696e948c0a53796e63436f6e6669679493942981947d94288c0b73796e635f706572696f64944d2c018c0c73796e635f74696d656f7574944d08078c0e73796e635f61727469666163747394898c1c73796e635f6172746966616374735f6f6e5f636865636b706f696e7494888c0a75706c6f61645f646972948c0a44455052454341544544948c0673796e6365729468168c1273796e635f6f6e5f636865636b706f696e7494681675628c1273746f726167655f66696c6573797374656d948c086275696c74696e73948c07676574617474729493948c0b70796172726f772e5f6673948c0f4c6f63616c46696c6553797374656d9493948c0c5f7265636f6e73747275637494869452947d948c087573655f6d6d6170948973859452948c0f73746f726167655f66735f70617468948c5f633a2f55736572732f416365722f4465736b746f702f496d6167652050726f63657373696e672f4c61622f4c6162365f4879706572706172616d657465722d54756e696e672f7261795f726573756c74732f72616e646f6d5f73656172636894681768008c115f46696c6573797374656d53796e6365729493942981947d94286819682668114d2c0168124d08078c116c6173745f73796e635f75705f74696d659447fff00000000000008c136c6173745f73796e635f646f776e5f74696d659447fff00000000000008c0d5f73796e635f70726f63657373944e8c0c5f63757272656e745f636d64944e75628c0a5f74696d657374616d70948c13323032342d30392d31385f32332d34372d34309475622e\"\n  },\n  \"config\": {\n    \"architecture\": [\n      32,\n      64,\n      128\n    ],\n    \"lr\": 0.006999532381578668,\n    \"batch_size\": 27,\n    \"num_epochs\": 4,\n    \"optimizer\": \"Adam\",\n    \"device\": \"cpu\"\n  },\n  \"_Trial__unresolved_config\": {\n    \"architecture\": [\n      32,\n      64,\n      128\n    ],\n    \"lr\": 0.006999532381578668,\n    \"batch_size\": 27,\n    \"num_epochs\": 4,\n    \"optimizer\": \"Adam\",\n    \"device\": \"cpu\"\n  },\n  \"evaluated_params\": {\n    \"architecture\": [\n      32,\n      64,\n      128\n    ],\n    \"lr\": 0.006999532381578668,\n    \"batch_size\": 27,\n    \"num_epochs\": 4,\n    \"optimizer\": \"Adam\"\n  },\n  \"experiment_tag\": \"0_architecture=32_64_128,batch_size=27,lr=0.0070,num_epochs=4,optimizer=Adam\",\n  \"stopping_criterion\": {},\n  \"_setup_default_resource\": true,\n  \"_default_placement_group_factory\": \"80054e2e\",\n  \"placement_group_factory\": \"800595aa000000000000008c237261792e74756e652e657865637574696f6e2e706c6163656d656e745f67726f757073948c15506c6163656d656e7447726f7570466163746f72799493942981947d94288c085f62756e646c6573945d947d948c0343505594473ff000000000000073618c155f686561645f62756e646c655f69735f656d70747994898c095f7374726174656779948c045041434b948c055f6172677394298c075f6b7761726773947d9475622e\",\n  \"log_to_file\": [\n    null,\n    null\n  ],\n  \"max_failures\": 0,\n  \"_default_result_or_future\": null,\n  \"export_formats\": [],\n  \"status\": \"TERMINATED\",\n  \"relative_logdir\": \"train_raytune_b80b3_00000\",\n  \"trial_name_creator\": null,\n  \"trial_dirname_creator\": {\n    \"_type\": \"CLOUDPICKLE_FALLBACK\",\n    \"value\": \"80059531020000000000008c1b7261792e636c6f75647069636b6c652e636c6f75647069636b6c65948c0e5f6d616b655f66756e6374696f6e9493942868008c0d5f6275696c74696e5f747970659493948c08436f6465547970659485945294284b014b004b004b014b034b03432497007c006a0000000000000000009b0064017c006a0100000000000000009b009d035300944e8c015f9486948c0e747261696e61626c655f6e616d65948c08747269616c5f69649486948c05747269616c9485948c3c433a5c55736572735c416365725c417070446174615c4c6f63616c5c54656d705c6970796b65726e656c5f343932305c3636343533393535342e7079948c15747269616c5f6469726e616d655f63726561746f729468114b0d431b8000d80e13d40e22d00b35d00b35a055a45ed00b35d00b35d00435944300942929749452947d94288c0b5f5f7061636b6167655f5f944e8c085f5f6e616d655f5f948c085f5f6d61696e5f5f94754e4e4e7494529468008c125f66756e6374696f6e5f7365747374617465949394681b7d947d9428681868118c0c5f5f7175616c6e616d655f5f9468118c0f5f5f616e6e6f746174696f6e735f5f947d948c0e5f5f6b7764656661756c74735f5f944e8c0c5f5f64656661756c74735f5f944e8c0a5f5f6d6f64756c655f5f9468198c075f5f646f635f5f944e8c0b5f5f636c6f737572655f5f944e8c175f636c6f75647069636b6c655f7375626d6f64756c6573945d948c0b5f5f676c6f62616c735f5f947d947586948652302e\"\n  },\n  \"custom_trial_name\": null,\n  \"custom_dirname\": \"train_raytune_b80b3_00000\",\n  \"restore_path\": null,\n  \"_restore_checkpoint_result\": null,\n  \"_state_json\": null,\n  \"results\": \"80054e2e\",\n  \"extra_arg\": \"80054e2e\",\n  \"_resources\": \"80054e2e\"\n}", "{\n  \"start_time\": 1726678088.7064931,\n  \"num_failures\": 0,\n  \"num_failures_after_restore\": 0,\n  \"error_filename\": null,\n  \"pickled_error_filename\": null,\n  \"last_result\": {\n    \"train_loss\": 0.11205839365720749,\n    \"val_loss\": 5.014456748962402,\n    \"val_psnr\": -6.7876798129145115,\n    \"val_ssim\": 0.19150180965662003,\n    \"timestamp\": 1726678102,\n    \"checkpoint_dir_name\": null,\n    \"done\": true,\n    \"training_iteration\": 4,\n    \"trial_id\": \"b80b3_00000\",\n    \"date\": \"2024-09-18_23-48-22\",\n    \"time_this_iter_s\": 3.3204658031463623,\n    \"time_total_s\": 14.124976634979248,\n    \"pid\": 21128,\n    \"hostname\": \"DESKTOP-066SQIB\",\n    \"node_ip\": \"127.0.0.1\",\n    \"config\": {\n      \"architecture\": [\n        32,\n        64,\n        128\n      ],\n      \"lr\": 0.006999532381578668,\n      \"batch_size\": 27,\n      \"num_epochs\": 4,\n      \"optimizer\": \"Adam\",\n      \"device\": \"cpu\"\n    },\n    \"time_since_restore\": 14.124976634979248,\n    \"iterations_since_restore\": 4,\n    \"experiment_tag\": \"0_architecture=32_64_128,batch_size=27,lr=0.0070,num_epochs=4,optimizer=Adam\"\n  },\n  \"last_result_time\": 1726678102.8855,\n  \"metric_analysis\": {\n    \"train_loss\": {\n      \"max\": 0.43298542499542236,\n      \"min\": 0.11205839365720749,\n      \"avg\": 0.28547958843410015,\n      \"last\": 0.11205839365720749,\n      \"last-5-avg\": 0.28547958843410015,\n      \"last-10-avg\": 0.28547958843410015\n    },\n    \"val_loss\": {\n      \"max\": 5.014456748962402,\n      \"min\": 0.3145473599433899,\n      \"avg\": 2.4149481803178787,\n      \"last\": 5.014456748962402,\n      \"last-5-avg\": 2.4149481803178787,\n      \"last-10-avg\": 2.4149481803178787\n    },\n    \"val_psnr\": {\n      \"max\": 5.30323644766104,\n      \"min\": -6.7876798129145115,\n      \"avg\": -0.9810924442929054,\n      \"last\": -6.7876798129145115,\n      \"last-5-avg\": -0.9810924442929054,\n      \"last-10-avg\": -0.9810924442929054\n    },\n    \"val_ssim\": {\n      \"max\": 0.2543112367391586,\n      \"min\": 0.02290445551479934,\n      \"avg\": 0.14235509919053582,\n      \"last\": 0.19150180965662003,\n      \"last-5-avg\": 0.14235509919053582,\n      \"last-10-avg\": 0.14235509919053582\n    },\n    \"done\": {\n      \"max\": false,\n      \"min\": false,\n      \"avg\": 0.0,\n      \"last\": false,\n      \"last-5-avg\": 0.0,\n      \"last-10-avg\": 0.0\n    },\n    \"training_iteration\": {\n      \"max\": 4,\n      \"min\": 1,\n      \"avg\": 2.5,\n      \"last\": 4,\n      \"last-5-avg\": 2.5,\n      \"last-10-avg\": 2.5\n    },\n    \"time_this_iter_s\": {\n      \"max\": 3.7448999881744385,\n      \"min\": 3.3204658031463623,\n      \"avg\": 3.531244158744812,\n      \"last\": 3.3204658031463623,\n      \"last-5-avg\": 3.531244158744812,\n      \"last-10-avg\": 3.531244158744812\n    },\n    \"time_total_s\": {\n      \"max\": 14.124976634979248,\n      \"min\": 3.504636526107788,\n      \"avg\": 